chr,start,end
chr1,17011438,17262235
chr1,144945033,145080039
chr1,149202543,149691734
chr2,89133619,89593743
chr2,117778827,117925535
chr4,12245591,12570452
chr8,39235591,39386953
chr9,44795718,46390902
chr12,31170943,31310983
chr14,106246290,106821724
chr15,22301994,22521201
chr17,44208144,44364158
chr21,11084669,14612597
chr1,17011438,17262235
chr1,144945033,145080039
chr1,149157433,149715562
chr1,196706866,196827843
chr2,89136116,89501226
chr2,117778827,117933011
chr2,188414900,188715580
chr2,188893656,188995139
chr2,189129058,189293677
chr3,75638729,75913502
chr3,125424460,125668304
chr3,129716127,129907258
chr4,4026195,4186049
chr4,12262990,12565287
chr5,642720,818743
chr6,94285529,94440604
chr7,72239597,72739730
chr8,12275729,12570377
chr9,40560848,46390902
chr10,55224387,55379754
chr10,96495177,96650349
chr11,67482647,67728086
chr12,8409690,8635517
chr12,80005271,80135755
chr12,85033644,85141236
chr13,55684320,55798717
chr14,106194465,106826100
chr15,20963589,21139535
chr15,22380861,22588019
chr16,69715924,69841459
chr17,44165803,44428669
chr19,17418216,17610210
chr19,20313262,20438925
chr19,21503434,21727308
chr19,43255205,43448006
chr19,53123577,53234909
chr20,62279544,62409047
chr21,11084669,14603577
chr22,39365568,39481998
chrX,90864846,91070444
chrX,91556779,92056886
chr1,17011438,17262235
chr1,149202543,149691734
chr1,196706866,196827843
chr2,89136040,89501226
chr2,117778827,117925535
chr4,12261033,12570452
chr7,83834330,83939779
chr8,39250960,39386953
chr9,40552256,46390902
chr9,68725186,69587268
chr13,93868944,93988638
chr14,31085088,31221748
chr14,41968734,42172353
chr14,106194465,106303437
chr14,106342305,106693466
chr15,22301994,22503861
chr17,44201376,44364158
chrX,91699891,92087478
chr1,17011438,17262235
chr1,144841150,145033126
chr2,89133112,89501226
chr2,117778827,117925535
chr4,12261033,12565287
chr8,39235591,39386953
chr9,44795718,46390902
chr14,106194465,106747087
chr15,22301994,22681064
chr17,44165803,44364158
chr1,17022269,17262235
chr2,89133112,89583895
chr2,117778827,117925535
chr4,12261033,12570452
chr5,717367,825641
chr8,39235591,39386953
chr14,106246290,106709975
chr15,22301994,22681064
chr17,44165803,44364158
chr21,11084669,14612597
chr1,148916177,149190306
chr1,196706866,196812518
chr2,89136040,89583895
chr2,242915454,243034674
chr5,26116348,26224902
chr8,39235591,39388287
chr12,8004413,8142626
chr12,8516457,8644058
chr14,106194465,106770845
chr15,22159029,22681064
chr16,34517294,34647825
chr17,44208674,44401055
chr19,20596194,20716377
chr1,196706866,196823824
chr2,89133112,89593743
chr2,242915454,243034674
chr3,75439781,75913502
chr3,125396832,125629828
chr3,129730687,129914958
chr4,3903702,4185610
chr5,26124031,26224902
chr6,94306954,94419833
chr7,72329779,72761420
chr7,106549853,106650851
chr7,109219703,109367010
chr7,113955913,114087629
chr7,115749957,115921488
chr7,118267156,118383122
chr7,120165759,120321318
chr7,124324346,124439996
chr7,127343016,127504564
chr8,12239823,12570377
chr8,39235591,39386953
chr11,71352127,71527699
chr12,8004413,8142626
chr12,8412050,8622599
chr12,19805311,19985796
chr12,53502438,53771335
chr12,57198622,57442818
chr12,62617222,62756622
chr12,65220367,65329760
chr12,106903321,107055702
chr14,105988026,106821724
chr15,22159029,22681064
chr15,24477794,24714778
chr16,34459025,34767493
chr19,20598431,20716377
chr19,42184608,42293949
chr19,43211270,43565519
chr19,53968383,54265278
chr21,11084669,14595732
chr22,22968324,23258603
chrX,91556779,92056886
chr1,148662322,149190306
chr2,89145812,89473820
chr2,242915454,243026246
chr5,26116348,26234904
chr8,39235591,39386953
chr12,191042,865970
chr12,875342,11921305
chr12,11937419,30235581
chr12,30243710,33294648
chr12,33308348,34231103
chr12,34244929,39120155
chr12,39137966,59015634
chr12,59031805,59222198
chr12,59232371,75056986
chr12,75079369,77897313
chr12,77926468,90871512
chr12,90937170,92110716
chr12,92129614,100096290
chr12,100124102,101600637
chr12,101609135,103648822
chr12,103681877,104694741
chr12,104698191,112121870
chr12,112125392,115707433
chr12,115732992,116236839
chr12,116245853,118804596
chr12,118811654,125433692
chr12,125439806,128514645
chr12,128531565,131749426
chr12,131751559,132972643
chr12,133045901,133777645
chr13,55654384,55812212
chr14,42065891,42174515
chr14,106246290,106820732
chr15,20532605,20730453
chr15,22280465,22681064
chr16,34466559,34765204
chr19,8192290,8315631
chr19,20598431,20716377
chr22,23085353,23258603
chrX,88499792,88755099
chrX,91556779,92056886
chr1,196709223,196816718
chr2,89136116,89461034
chr2,242917306,243034674
chr3,129791336,129896364
chr5,26116348,26238194
chr8,12239823,12559835
chr12,7970721,8123225
chr14,105988026,106770845
chr15,22159029,22681064
chr16,34517294,34740000
chr19,43211270,43445041
chr1,144946510,145151716
chr2,89136040,89593743
chr2,242915454,243032414
chr3,129731741,129914958
chr5,26116348,26220502
chr8,12239823,12578078
chr8,39235591,39388287
chr12,150430,865970
chr12,875342,8559653
chr12,8580816,12418611
chr12,12437418,20946521
chr12,20957569,25883204
chr12,25914769,26325379
chr12,26364849,26567205
chr12,26586701,34231103
chr12,34246773,48014214
chr12,48114366,59222065
chr12,59227157,60169887
chr12,60176579,75121306
chr12,75125934,77898549
chr12,77899048,80839927
chr12,80848838,98929114
chr12,98962070,101195088
chr12,101222844,111912584
chr12,111926901,129902226
chr12,129911460,130992216
chr12,130999968,131748060
chr12,131749559,131896165
chr12,131900123,133777645
chr14,105988026,106821724
chr15,22280465,22588019
chr15,24477794,24718584
chr16,32654941,33624297
chr16,34517294,34740000
chr19,20596194,20716377
chr22,16102407,17031072
chr22,23004375,23259859
chr1,121343784,145257170
chr1,149040066,149190306
chr2,89133112,89545331
chr2,91653934,92090873
chr2,242915454,243026246
chr3,129716127,129907258
chr3,162513447,162625983
chr8,12239823,12566650
chr8,39235591,39384112
chr12,7970721,8123225
chr14,105988026,106821724
chr15,22159029,22588019
chr15,24475194,24718584
chr16,33169940,33864347
chr16,34517294,34768275
chr17,44208144,44401055
chr19,20596194,20716377
chr19,43268611,43448006
chr21,11084669,14635289
chr22,16102407,16894264
chr22,23099160,23221264
chrX,91691906,92056886
chr1,196706866,196824588
chr2,89133619,89501226
chr2,242915454,243034674
chr3,129711979,129851851
chr11,71352127,71527699
chr12,8004413,8123225
chr14,106197115,106821724
chr15,20488324,20624194
chr15,22159029,22681064
chr15,24514620,24718584
chr16,34466559,34746181
chr19,20596194,20716377
chr22,22968324,23221112
chrX,91570046,92056886
chr1,196673619,196935393
chr2,89136040,89358624
chr4,69374929,69489323
chr5,32527302,32671855
chr5,128748170,128935620
chr6,52615583,52723976
chr7,30704159,30806450
chr7,131239844,131365443
chr8,7387032,7696249
chr8,34997579,35212071
chr8,39235591,39386953
chr9,33694760,33812752
chr10,95575682,95683216
chr14,55502204,55621379
chr14,106194465,106526954
chr14,106567088,106899485
chr15,37292780,37508169
chr16,34520204,34644305
chr17,44176972,44364158
chr17,71837558,72633815
chr18,43986480,44106331
chr22,24994813,25099180
chrX,91556779,92043529
chrX,93726109,93836251
chrX,112894452,113019336
chrX,115007722,115206378
chr1,16844920,17262235
chr1,149061968,149190306
chr1,196709223,196816718
chr2,89133619,89461034
chr3,75527170,75733782
chr4,69374929,69558259
chr4,93213379,93437469
chr6,94285529,94439962
chr7,43259,10563470
chr7,10579657,13976772
chr7,13976858,46079709
chr7,46154496,62706404
chr7,63166234,99815247
chr7,99848094,133785759
chr7,133798546,150695195
chr7,150700159,157264174
chr7,157277828,159119708
chr8,11987714,12554743
chr13,55692197,55836410
chr14,106029625,106303437
chr14,106342305,106526954
chr14,106574548,106826627
chr15,24516344,24718584
chr16,34517294,34642895
chr17,44165803,44401055
chr17,71831938,72671620
chr20,193159,419067
chr20,2488294,2618308
chr20,2828523,3116705
chr20,3185123,3435475
chr20,7901265,8151701
chr20,8744479,9031629
chr20,9683016,9881109
chr20,10592701,10692989
chr20,11586237,11880521
chr20,12296047,12421429
chr20,12654767,13118902
chr20,13313170,13479718
chr20,13830216,14007691
chr20,21064171,21312923
chr20,21565666,21730752
chr20,21782156,22091139
chr20,22544962,22798558
chr20,23398738,23553328
chr20,25304793,25810309
chr20,29527881,29876317
chr20,30114251,30337322
chr20,31397316,31550178
chr20,32087001,32461708
chr20,33240403,33585834
chr20,34334781,34499368
chr20,34820289,35291087
chr20,36529578,36635244
chr20,40261061,40512766
chr20,43442141,43548739
chr20,44204771,44455176
chr20,44588179,44765941
chr20,45226021,45329847
chr20,56802891,57115980
chr20,60703073,60840612
chr1,16844920,17262235
chr2,89136040,89461034
chr2,188446356,188676762
chr4,92868801,93027966
chr4,93490527,93685733
chr5,717367,824436
chr7,43259,1988703
chr7,2100674,3370201
chr7,3381813,4877539
chr7,4891752,10563470
chr7,10608347,13976772
chr7,13976858,17918761
chr7,18040264,46096132
chr7,46164562,46993984
chr7,47032225,47515709
chr7,47520850,55269952
chr7,55277964,55637023
chr7,55655774,62715890
chr7,63166234,64958610
chr7,65026480,99841254
chr7,99848094,142474939
chr7,142486033,157264585
chr7,157277828,159119708
chr8,7371466,7746356
chr8,12247145,12578078
chr8,39256049,39386953
chr14,41993985,42174515
chr14,106194465,106526954
chr14,106574548,106821724
chr16,21770734,22028016
chr16,34517294,34667676
chr17,44165803,44364158
chr17,71837558,72652919
chr19,20596194,20716377
chr19,21256801,21391358
chr21,11084669,14642464
chr1,17011438,17283075
chr2,89136040,89593743
chr4,69374929,69558259
chr14,105988026,106526954
chr14,106567088,106826627
chr16,34517294,34642895
chr17,44165803,44288579
chr17,71837558,72690684
chr19,20580475,20716377
chr19,21212097,21392852
chr21,11084669,14603577
chr1,148662322,149143161
chr1,248660172,248835914
chr2,89133619,89461034
chr14,64759984,64876621
chr14,106194465,106401664
chr16,34466559,34601318
chr17,71837558,72135484
chr17,72147357,72282891
chr17,72299217,72474608
chr17,72481980,72671620
chrX,91494654,91619825
chr2,89143756,89593743
chr2,117811664,117925535
chr3,162512645,162626591
chr4,12262990,12569705
chr5,642720,809794
chr8,39248730,39386953
chr14,106246290,106828125
chr15,22384989,22503861
chr17,44208144,44364158
chr19,43262970,43397946
chrX,88494865,88755099
chrX,91556779,92119324
chr2,89143756,89501226
chr2,188266058,188460512
chr3,173851073,173961430
chr4,69371991,69521397
chr5,717367,825641
chr7,121196326,121457377
chr8,12371371,12578078
chr8,39248730,39386953
chr10,54999433,55102814
chr13,55691370,55803605
chr14,105988026,106303437
chr14,106342305,106526954
chr14,106567088,106828125
chr16,34517294,34667676
chr17,44208144,44364158
chr17,71831938,72671620
chr19,20596194,20716377
chr22,23139389,23258603
chr2,13200000,243199373
chr12,1,133851895
chr12,1,133851895
chr9,43600000,68700000
chr9,43600000,68700000
chr12,1,133851895
chr17,1,81195210
chrX,1,155270560
chrX,1,155270560
chr12,1,133851895
chr14,1,107349540
chr17,1,81195210
chrX,1,155270560
chr12,1,133851895
chr14,1,107349540
chr17,1,81195210
chr20,1,63025520
chr20,28400001,31500000
chr12,1,133851895
chr20,28400001,31500000
chr20,28400001,31500000
chr20,28400001,31500000
chr12,1,115169878
chr1,61724,86329
chr1,25596394,25646974
chr1,26248231,26286840
chr1,65390094,65412480
chr1,72768487,72811904
chr1,104163776,104261194
chr1,110224373,110242941
chr1,152555695,152586226
chr1,196738612,196749849
chr1,196823306,196892946
chr1,248749183,248808557
chr2,34699316,34737045
chr2,52754457,52781530
chr2,54690616,54715300
chr2,89133113,89593743
chr2,90121404,90135873
chr2,146864393,146878398
chr2,234650605,234664902
chr3,46801806,46849577
chr3,63991634,64098754
chr3,129780865,129808799
chr4,9370691,9486075
chr4,64697458,64708246
chr4,70134669,70229422
chr5,17481600,17515789
chr5,147359959,147435107
chr6,78969054,79035173
chr6,103737965,103762049
chr6,156088459,156103246
chr7,76143626,76557212
chr7,133785166,133798097
chr7,141693570,141715776
chr7,143970299,144066935
chr8,7250369,7832042
chr8,7935844,8009192
chr8,11851157,12162770
chr8,12260916,12419953
chr8,24970502,24984333
chr8,39230172,39389112
chr8,93014835,93024932
chr9,44209784,44273229
chr9,44727848,44855725
chr10,133647133,133659712
chr11,25608535,25624729
chr12,150431,203640
chr12,11512481,11543374
chr13,56968152,57008042
chr13,69564058,69598747
chr13,85435326,85446510
chr14,24452690,24484459
chr14,41597551,41657337
chr14,106197116,106320374
chr14,106342306,106706125
chr14,106896604,106934536
chr15,20935077,22212114
chr15,27917579,27927794
chr16,20512770,20532642
chr17,34437117,34629684
chr17,44219556,44276548
chr17,65129923,65140589
chr18,40881067,40903331
chr18,76049104,76067494
chr19,15678821,15697185
chr19,43703493,43756225
chr20,1578951,1593837
chr22,23019959,23223233
chr22,24350518,24396802
chrX,76195982,76357623
chrX,88805597,89035799
chrX,90853124,91313739
chrX,91803135,92021247
chrX,92135061,92243399
chr1,61724,718651
chr1,16777680,17082579
chr1,17089338,17114700
chr1,17177034,17276229
chr1,65390094,65410273
chr1,72760845,72811904
chr1,106013365,106029078
chr1,144832256,145290292
chr1,152555695,152586582
chr1,152757691,152768247
chr1,155189149,155201064
chr1,196738612,196749809
chr1,196823306,196892946
chr1,248749183,248797201
chr2,25530029,25633409
chr2,27804115,27919153
chr2,34691070,34737045
chr2,52754457,52781530
chr2,89133113,89995025
chr2,90121404,90211593
chr2,91773333,91828661
chr2,98108993,98190137
chr2,166117861,166243837
chr2,184595728,184609810
chr2,188401994,188460512
chr2,189179248,189202876
chr2,235091546,235110179
chr3,11020915,11036697
chr3,62556869,62587499
chr3,64038817,64098754
chr3,98796342,98814248
chr3,148912997,148974301
chr3,173849081,173961023
chr4,4134989,4186049
chr4,9370691,9435322
chr4,9446036,9501382
chr4,10214161,10235256
chr4,34770295,34795460
chr4,55641491,55664003
chr4,60098644,60127633
chr4,62319042,62462234
chr4,62609117,62686944
chr4,64697458,64708246
chr4,65451607,65515459
chr4,69371992,69540013
chr4,70127633,70229422
chr4,77782349,77800625
chr4,93053705,93124994
chr4,93395510,93643824
chr4,96073870,96111286
chr4,120895720,120981638
chr4,129367179,129418973
chr4,139265553,139285676
chr4,140049093,140117588
chr4,164275856,164298239
chr4,165553330,165609351
chr4,189221413,189232359
chr5,800675,825641
chr5,12800878,12833857
chr5,18447396,18479166
chr5,18734755,18868973
chr5,46172360,46199423
chr5,46209288,46334867
chr5,79351545,79396743
chr5,82338007,82354554
chr5,84072825,84127662
chr5,125385127,125409725
chr5,147040078,147062458
chr5,147265594,147400410
chr5,150205489,150224083
chr5,179065643,179096306
chr5,180181401,180195862
chr6,32429595,32518757
chr6,33456095,33482843
chr6,42040292,42155489
chr6,53931056,53942914
chr6,94353066,94461185
chr6,94998832,95038503
chr6,103737965,103762049
chr6,107424251,107485656
chr6,109954108,109990987
chr6,156088459,156103246
chr7,5878501,5928736
chr7,13984859,13995524
chr7,64901853,65069489
chr7,76143626,76607295
chr7,92419845,92480425
chr7,109437081,109453791
chr7,131557369,131584453
chr7,141770498,141820589
chr7,142476708,142486480
chr8,7334998,7832042
chr8,7935844,8009192
chr8,11877196,12162770
chr8,12260916,12420170
chr8,49905381,49941703
chr8,51032028,51044524
chr8,72565253,72595641
chr9,6652733,6670448
chr9,19449159,19494098
chr9,43700867,44273229
chr9,44727848,44855725
chr9,131185962,132690613
chr10,72798,117527
chr10,47058781,47077946
chr10,47685592,47960070
chr10,61743190,61762822
chr10,62076837,62104776
chr10,67308580,67326054
chr10,95086273,95136246
chr10,114415537,114468464
chr10,114594454,114629443
chr10,117957131,117980452
chr10,127472290,127518538
chr10,133647133,133658703
chr10,135194891,135243105
chr11,98897290,98930472
chr11,100822615,100850073
chr11,111736456,111786923
chr11,118331476,118355769
chr11,125788986,125810571
chr12,150431,203640
chr12,8520545,8584660
chr12,11511566,11552590
chr12,31278032,31407111
chr12,34464458,34512767
chr12,49025473,49065538
chr12,50659636,50707273
chr12,79804809,79858768
chr12,85179289,85236981
chr12,91427971,91444892
chr13,38072025,38084745
chr13,44700184,44734696
chr13,55038097,55080781
chr13,55691371,55771923
chr13,56224813,56426203
chr13,57758615,57778368
chr13,68354280,68365830
chr13,82071495,82085194
chr14,19801744,20422583
chr14,41615109,41657337
chr14,106199365,106291201
chr14,106342306,106693466
chr14,106896604,106934536
chr15,20556431,20586945
chr15,21129984,22673387
chr15,83083421,83204498
chr15,88981480,88998547
chr16,10920440,10931623
chr16,20512770,20532642
chr16,21786730,21997551
chr16,54445329,54456932
chr16,70119742,70281766
chr16,80657409,80672704
chr17,18365934,18465209
chr17,28860581,29000582
chr17,34443801,34629684
chr17,37820993,37862000
chr17,44219556,44264069
chr17,50246998,50258854
chr17,54160903,54176392
chr17,69271629,69287361
chr18,40881067,40903331
chr18,49543078,49570773
chr18,57922100,57942840
chr18,69577294,69590392
chr19,23608469,23646121
chr19,35849482,35861158
chr19,43703493,43756225
chr19,56297254,56307723
chr20,1561569,1582195
chr20,15972730,15990784
chr20,41720929,41736904
chr20,46620932,46640088
chr20,54470325,54499138
chr21,10736860,10940630
chr22,22749534,22785308
chr22,23019959,23223233
chrX,76195982,76357623
chrX,88818514,89067333
chrX,91158913,91314729
chrX,92190867,92243399
chrX,123447017,123632228
chr1,61724,356530
chr1,17177034,17262235
chr1,72768487,72811136
chr1,152555695,152586226
chr1,196738612,196816718
chr2,24601461,24611715
chr2,34699316,34737045
chr2,89133113,89501226
chr2,188178090,188541988
chr3,46801806,46849577
chr3,62479554,62544840
chr3,65189224,65199690
chr3,162513138,162625983
chr4,10214161,10230785
chr4,70123499,70228644
chr5,717368,761113
chr5,9901953,9922903
chr5,97048467,97099672
chr5,114706444,114721081
chr5,180378877,180418091
chr6,32454512,32497194
chr6,77439869,77452804
chr6,78969054,79039234
chr7,127928442,127963077
chr7,141693570,141711905
chr8,7170478,7226424
chr8,39235592,39386953
chr9,44243423,44837515
chr10,47096231,47743504
chr10,135242874,135373435
chr11,55374021,55442306
chr12,52120264,52175292
chr13,111760299,111904335
chr14,106197116,106567088
chr14,106709586,106740762
chr15,19109353,19548923
chr15,56790828,56800965
chr17,18313819,18453425
chr17,44458483,44738320
chr17,50507394,50666045
chr19,20598432,20716377
chr19,48649284,48728349
chr20,1561642,1598094
chr22,23004376,23223233
chr22,24283005,24344410
chr22,24368345,24396802
chr22,39363608,39375295
chrX,76183575,76357623
chrX,88269950,88408734
chrX,88805597,89017371
chrX,92190867,92243399
chrY,10387166,10428677
chr1,61724,356530
chr1,16844921,17262235
chr1,63564133,63603451
chr1,72749849,72822824
chr1,112695675,112706137
chr1,149041711,149229831
chr1,149242652,149254920
chr1,152555177,152586582
chr1,196738612,196801430
chr2,857432,944415
chr2,34699316,34737045
chr2,89133113,89545331
chr2,177107093,177188182
chr2,188431824,188453801
chr4,10214161,10230785
chr4,64697458,64708246
chr4,70134669,70229422
chr4,115171583,115182163
chr4,172367776,172377921
chr5,32109578,32158443
chr5,121427231,121535638
chr5,146272514,146411126
chr5,180380192,180418091
chr6,29871637,29908469
chr6,45225762,45285884
chr6,52623509,52662694
chr6,78979260,79039234
chr6,103737965,103762049
chr7,9128803,9233055
chr7,11733427,11773517
chr7,139285352,139301891
chr7,141693570,141715776
chr7,157730274,157803711
chr8,7371467,7646315
chr8,12232270,12281109
chr8,39230172,39370462
chr9,44396688,44855725
chr9,131425765,131557953
chr11,27577771,27698374
chr11,61022156,61057053
chr11,133298608,133402456
chr11,133635399,133714672
chr12,8012468,8130958
chr12,102294265,102313365
chr13,38129899,38151202
chr13,70742317,70772883
chr14,106246291,106530352
chr14,106530676,106567088
chr14,106569452,106751272
chr16,6314936,6419430
chr16,21534305,21593622
chr16,22558300,22704520
chr16,34486861,34757071
chr16,78372429,78384989
chr18,33428737,33450575
chr18,47427159,47445012
chr18,68833268,68853265
chr20,29835038,31663816
chr20,59569026,59590189
chr21,10736860,11069428
chr22,21607073,21845282
chr22,23058930,23223233
chr22,24329712,24396802
chrX,68007798,68096095
chrX,95324390,95399391
chrX,107834032,107949359
chrX,111879040,112081505
chrX,132783549,132882904
chrX,136694502,136728050
chr1,61724,356530
chr1,16871267,17262235
chr1,72749849,72811904
chr1,81845965,81893618
chr1,112695675,112706128
chr1,149041867,149152390
chr1,152555177,152586226
chr1,196738612,196802060
chr2,34701614,34737045
chr2,89133113,89545331
chr3,62482553,62532618
chr4,10210391,10229296
chr4,64697458,64708246
chr4,70130809,70231787
chr5,12800878,12824411
chr5,32122597,32158443
chr5,180378877,180418091
chr6,29871637,29908469
chr6,52623509,52662694
chr6,78971770,79039234
chr6,103737965,103762049
chr7,90291,130363
chr7,9128803,9227840
chr7,141693570,141715776
chr7,157732405,157803711
chr8,12034296,12311626
chr8,39235592,39389112
chr9,44396688,44855725
chr9,131421452,131557953
chr11,61022156,61053920
chr12,8004414,8698954
chr13,70736065,70772883
chr14,19844096,20374645
chr14,106197116,106526954
chr14,106541742,106569451
chr14,106574549,106706125
chr16,19947135,19965863
chr16,21534305,21593622
chr16,22587454,22704520
chr16,34536352,34755554
chr16,78372429,78384989
chr19,6975999,6987786
chr19,35849482,35861836
chr20,29835038,31666311
chr20,59569026,59590189
chr22,16206200,16425814
chr22,22729135,22794082
chr22,23040139,23223233
chr22,24344411,24396802
chrX,111879040,112121136
chr1,17182426,17259308
chr1,25596394,25646974
chr1,72760845,72811904
chr1,110224373,110253130
chr1,112696182,112706186
chr1,148947699,149190306
chr1,152555177,152586582
chr2,18905364,19013114
chr2,89133113,89545331
chr3,75449603,75613162
chr3,162490483,162623885
chr4,10214161,10234995
chr4,69294788,69489323
chr4,70127633,70231787
chr4,183335941,183368613
chr6,67008263,67033803
chr6,77439869,77452804
chr6,78969054,79035173
chr6,103737965,103762049
chr7,133785166,133798546
chr7,141693570,141715776
chr7,142156283,142185094
chr7,143896241,144027564
chr8,12232270,12247474
chr9,44396688,44837515
chr9,140255631,140290834
chr10,46989081,47392320
chr11,18940082,18961166
chr12,8004414,8130958
chr12,9633859,9713662
chr13,57763136,57778368
chr14,106197116,106639463
chr15,20216944,20574146
chr15,18845991,19422452
chr15,22317501,22588019
chr15,43893073,43938288
chr15,92880502,93078961
chr15,100884600,100948845
chr16,86555874,86569358
chr17,18319851,18474634
chr17,44458483,44738320
chr19,43294379,43537378
chr20,1561642,1593837
chr20,59569026,59590045
chr22,23017542,23223233
chr22,39363608,39389739
chrX,88271816,88392926
chrX,88805597,89017371
chrX,89707253,89805843
chrX,91158913,91262359
chrX,92177360,92243399
chr1,61724,768781
chr1,17022270,17262235
chr1,25595936,25673142
chr1,72771132,72811136
chr1,111377355,111388214
chr1,144832256,144986985
chr1,149067138,149259404
chr1,152555177,152586226
chr1,152754631,152773905
chr1,196738612,196749849
chr1,232670115,232750354
chr2,30614453,30631693
chr2,34699316,34737045
chr2,52754457,52781283
chr2,55330302,55357315
chr2,87373882,88024655
chr2,89133620,89497676
chr2,242915455,243023881
chr3,45245745,45291959
chr3,152726147,152801228
chr3,166100824,166378003
chr3,191174945,191199060
chr4,10214161,10231486
chr4,17166074,17210786
chr4,34778849,34818758
chr4,64697458,64708246
chr4,69472867,69505103
chr4,78260270,78274908
chr4,93506318,93553282
chr4,121609701,121643418
chr4,133269153,133301939
chr4,139223368,139260411
chr5,743839,788048
chr5,39773896,39786324
chr5,56420356,56453407
chr5,141110908,141139666
chr6,62112601,62240860
chr6,78969054,79035173
chr6,95452253,95533326
chr7,3395068,3415067
chr7,4499518,4518152
chr7,142156283,142179742
chr7,143909224,144033839
chr7,154386020,154401017
chr8,6083351,6094440
chr8,12232270,12247474
chr8,25009034,25048873
chr8,36045311,36087964
chr8,39235592,39384112
chr8,47651958,47679168
chr8,61674502,61704083
chr8,65760198,65773694
chr8,66468429,66621287
chr9,5084215,5106788
chr9,43505841,43800174
chr9,44396688,46390902
chr9,105246683,105284462
chr9,113247605,113267399
chr9,126967783,126991185
chr10,47047588,47059809
chr10,81561459,81656766
chr11,4256118,4307408
chr11,5783384,5812348
chr11,5816175,5828900
chr11,54857911,54965596
chr12,9637898,9735686
chr12,12415698,12439062
chr13,19045629,19207102
chr13,28663112,28686649
chr13,38072025,38084745
chr13,48203946,48230849
chr13,95987359,95999182
chr13,99126304,99141272
chr13,103368513,103387546
chr14,28134149,28154554
chr14,39135575,39171670
chr14,56861582,56881495
chr14,73378396,73414647
chr14,98302344,98321179
chr14,105366500,105382228
chr14,106194466,106747087
chr14,106872051,106918096
chr15,20941066,20992233
chr15,19406831,20089383
chr15,34551911,34573595
chr15,44116905,44146810
chr15,44507404,44530628
chr15,51803437,51825225
chr15,56791613,56821416
chr16,25185156,25210267
chr16,57311813,57355946
chr17,9379552,9416472
chr17,44458483,44738320
chr17,59984810,60018838
chr18,67536122,67548815
chr19,5734163,5763533
chr19,6338371,6404507
chr19,12296285,12333758
chr19,15082897,15109202
chr19,15308069,15325735
chr19,15426427,15439561
chr19,15643591,15701741
chr19,19710109,19740729
chr19,23387789,23416567
chr19,39459378,39524824
chr19,43691319,43753498
chr19,51327711,51355650
chr20,1560776,1590245
chr20,5569823,5677793
chr21,10736860,10988423
chr21,23682235,23694082
chr21,25900322,25910760
chr21,29919064,29940627
chr21,34738463,34756538
chr21,48077217,48096945
chr22,21607073,21845282
chr22,23002700,23223233
chrX,27497313,27509328
chrX,62392071,62464200
chrX,76195982,76357623
chrX,98650694,98740631
chrX,117051477,117083507
chrX,138142795,138157909
chrX,138853908,138937872
chr1,61724,229607
chr1,17082580,17258127
chr1,72768487,72811136
chr1,144036738,144957815
chr1,149036513,149254920
chr1,152555756,152586582
chr1,232541848,232750354
chr2,607567,624678
chr2,34699316,34737045
chr2,52754457,52781530
chr2,87373882,87496048
chr2,87549039,88024655
chr2,89133113,89545331
chr2,90121340,90195665
chr2,118397590,118438080
chr2,196484193,196509576
chr2,230770623,230820612
chr2,242915455,243026246
chr3,45243931,45291959
chr3,62484588,62506378
chr3,68732017,68747231
chr3,77551316,77616575
chr3,129775847,129806912
chr3,138547926,138622046
chr3,152759724,152801228
chr3,162528619,162540478
chr3,166056402,166369144
chr4,12270,62114
chr4,10214161,10231486
chr4,34786489,34816059
chr4,64697458,64725504
chr4,69078508,69578084
chr4,122273632,122285135
chr5,15521,164193
chr5,21338794,21377841
chr5,56386178,56454947
chr5,134830724,134858048
chr6,61886429,61989267
chr6,62112601,62240985
chr6,78969054,79041797
chr6,95452253,95533326
chr7,4501763,4518152
chr7,19677536,19704451
chr7,26859300,26871953
chr7,61875419,62124062
chr7,131144058,131174703
chr7,141760831,141789965
chr7,142476708,142486480
chr7,143927796,144066935
chr8,1974488,2001755
chr8,10667766,10688997
chr8,12233629,12247474
chr8,39235592,39386953
chr8,61674502,61745636
chr8,70910974,70954822
chr8,120968454,121058766
chr8,140524277,140565579
chr9,19161146,19171247
chr9,31980999,32006580
chr9,44396688,44875930
chr9,128635670,128711455
chr10,5709289,5766165
chr10,73308409,73339978
chr10,81513178,81588023
chr10,93021045,93042508
chr10,135287265,135328692
chr11,5787394,5809127
chr11,18224502,18245602
chr11,50417550,51282897
chr11,54857911,54978384
chr11,120904894,120941805
chr11,124868194,124894556
chr12,9637898,9734958
chr12,11511566,11526289
chr12,34749222,34796116
chr12,37929228,38072474
chr12,114459204,114611983
chr13,38072025,38084745
chr13,95987359,96014328
chr14,35063262,35155982
chr14,71646968,71661456
chr14,95165390,95176137
chr14,101384626,101464984
chr14,106246291,106750868
chr14,106756847,106918096
chr15,22301995,22588019
chr15,23063953,23078746
chr15,56350996,56365023
chr16,65454760,65482887
chr16,78372429,78384989
chr17,21831308,21855577
chr17,44458483,44738320
chr18,9918026,9961206
chr18,35169261,35224338
chr18,63700275,63721579
chr18,64950110,64967253
chr19,6318202,6356508
chr19,6727293,6766594
chr19,43703022,43756225
chr20,1560988,1590245
chr20,5658089,5677793
chr20,5737028,5774759
chr20,34369046,34428483
chr20,52127032,52151185
chr20,52311834,52323817
chr21,10736860,11010374
chr21,35641701,35652300
chr21,46508500,46615340
chr22,21462572,21845282
chr22,23002700,23223233
chrX,121220361,121316491
chr1,16851503,16970444
chr1,17017519,17045749
chr1,72768487,72811904
chr1,111375555,111388214
chr2,89133113,89501226
chr3,31409913,31420806
chr3,65189224,65199690
chr4,34786489,34821328
chr4,69371992,69447676
chr5,7239336,7263606
chr5,7414147,7470781
chr6,32449524,32527272
chr6,77439869,77461073
chr6,103737965,103762049
chr7,62181099,62720204
chr7,70321340,70370858
chr7,115514681,115528736
chr7,131137674,131183767
chr7,142476708,142486480
chr8,8107755,8145999
chr8,135026133,135036616
chr9,44727848,44855725
chr10,61791040,61865703
chr11,5789590,5802900
chr11,55376012,55442306
chr12,11511566,11543374
chr13,38072025,38084745
chr14,20105480,20423360
chr14,63503651,63808684
chr14,66005152,66412446
chr14,106246291,106610978
chr14,106783033,106821724
chr14,106903032,106918637
chr15,20935077,22212114
chr15,76878363,76895332
chr16,19945639,19967350
chr16,32395608,32634752
chr16,33367924,33811489
chr16,78372429,78384989
chr17,54160903,54172591
chr19,20603319,20716377
chr19,43703022,43756225
chr20,1561569,1593837
chr21,10736860,10940630
chr22,23058930,23223233
chr1,16871267,16965777
chr1,72768487,72811136
chr1,110221716,110242941
chr1,112695675,112706206
chr1,196738612,196749849
chr2,65205367,65221184
chr2,89133113,89583895
chr2,90121340,90211593
chr3,65188454,65199690
chr3,195456890,195474751
chr4,12270,65966
chr4,9451336,9509875
chr4,10214161,10240663
chr4,34786489,34821328
chr4,69375337,69426476
chr5,15521,71316
chr5,800675,820024
chr5,7187279,7252807
chr5,7414147,7470781
chr5,106353725,106394251
chr5,147155392,147189805
chr6,32449524,32509271
chr6,77439869,77452804
chr6,103737965,103762049
chr7,62049419,62520907
chr7,62577771,62706404
chr7,70321340,70358327
chr7,109441201,109453898
chr7,141693570,141715776
chr7,142156283,142178248
chr8,6940603,7832042
chr8,7966178,8145999
chr8,12260916,12585825
chr8,24971630,24984333
chr8,83275890,83317534
chr8,135026133,135036616
chr9,44727848,44855725
chr11,5789590,5808364
chr11,55376623,55442306
chr12,2814394,2854933
chr12,8529381,8584660
chr12,11511566,11543374
chr12,77212334,77244657
chr12,99986122,100017772
chr14,20210986,20423360
chr14,47755606,47778210
chr14,63503651,63808684
chr14,66005152,66409433
chr14,106197116,106653713
chr14,106783033,106821724
chr15,20935077,22212114
chr16,19945639,19967350
chr16,32395608,32643362
chr16,33404129,33827050
chr16,78372429,78384989
chr17,34446916,34629684
chr18,66742265,66753314
chr19,20603319,20716377
chr19,43713723,43756225
chr20,1572124,1593837
chr21,10736860,10940630
chr22,23058930,23223233
chr22,42899429,42934450
chrX,16114773,16183665
chrX,113564468,113581964
chr1,61724,98590
chr1,17100219,17262235
chr1,25595936,25663298
chr1,72740074,72798598
chr1,110221716,110240166
chr1,148916178,149436830
chr1,152555177,152586582
chr2,52754457,52781530
chr2,89133113,89545331
chr2,90011127,90121352
chr2,90134268,91622003
chr2,188279454,188370232
chr3,37972795,37986916
chr3,87656655,87682175
chr3,129786728,129806912
chr3,194606641,194634576
chr3,197845205,197896005
chr4,10223617,10236142
chr4,64697458,64708246
chr4,93107485,93272452
chr5,2044118,2059311
chr6,32454512,32509271
chr6,103737965,103762049
chr7,9549167,9575717
chr7,142476708,142486480
chr8,83294782,83317534
chr10,68077581,68109326
chr10,132174978,132191520
chr11,4968118,4991090
chr12,9637898,9713662
chr13,90294525,90314693
chr14,103067669,103096986
chr14,106246291,106740762
chr14,106893262,106918096
chr15,20935077,22210804
chr16,15049874,15087165
chr16,34479682,34691463
chr16,55798751,55821957
chr17,44224534,44237068
chr19,43255206,43368923
chr19,52270088,52614747
chr20,14781685,14823893
chr22,22698553,22794082
chr22,23058930,23223233
chr22,24337296,24396802
chrX,466995,487768
chrX,76245525,76380185
chrX,88295779,88642096
chrX,88805597,88843925
chrX,89546130,89668665
chrX,91158913,91222067
chrX,91803135,92010345
chrX,92190867,92243399
chrY,25442587,25617805
chr1,61724,86329
chr1,12852749,13159071
chr1,72768905,72808756
chr1,149040067,149676305
chr1,152555177,152586582
chr2,914016,987604
chr2,52754457,52781530
chr2,89133113,89461034
chr2,90042861,90121352
chr2,90135874,90267091
chr3,62482553,62512846
chr3,68720456,68747401
chr3,197845205,197896005
chr4,10214161,10234995
chr5,2044118,2063667
chr6,32456672,32527272
chr6,103737965,103762049
chr7,9549167,9582615
chr7,142476708,142486480
chr8,1986579,2005346
chr8,10662556,10674467
chr10,68077765,68107496
chr11,4968118,4992501
chr12,9637898,9734958
chr13,28512071,28558668
chr14,73995763,74031492
chr14,106197116,106751272
chr15,19103565,19548923
chr16,15048757,15077468
chr16,33850075,33978846
chr16,34538447,34692754
chr16,55784431,55821957
chr17,39418361,39430438
chr17,44213205,44267863
chr19,52284672,52621644
chr20,14781685,14823893
chr22,23046124,23259859
chr22,24337296,24396802
chrX,88272288,88387783
chrX,88477824,88714414
chrX,89699003,89738831
chrX,92190299,92243399
chrY,25477006,25604393
chr1,61724,86329
chr1,13665641,13776816
chr1,15789298,15806780
chr1,16851503,17262235
chr1,72749849,72811136
chr1,149036513,149254920
chr1,152555695,152586582
chr1,232688981,232756026
chr1,248732034,248810646
chr2,34699316,34737045
chr2,89133113,89583895
chr2,90121340,90134267
chr2,188224058,188518244
chr3,62212068,62662853
chr3,65189224,65210440
chr3,195383131,195446910
chr4,10214161,10235256
chr4,64697458,64725504
chr4,93113275,94193881
chr5,717368,809794
chr5,82833146,82902032
chr5,146691538,146764543
chr5,147220757,147480556
chr6,77439869,77461073
chr6,78969054,79035173
chr6,91208626,91420973
chr6,103737965,103765670
chr7,28517217,28546652
chr7,68246435,68276143
chr7,83011711,83075995
chr7,83147706,83214317
chr7,109437081,109453898
chr7,121660931,121706072
chr7,122052525,122126789
chr7,131151129,131174703
chr7,141305443,141389571
chr7,141770249,141787634
chr7,142476708,142486480
chr8,7255037,7744052
chr8,7752037,7798839
chr8,15893498,15944307
chr8,91998934,92096874
chr8,135026267,135038599
chr9,114234721,114257374
chr10,53881132,53921459
chr10,55062378,55128318
chr10,105733239,105792364
chr11,4256118,4307408
chr11,5789590,5802900
chr11,55374021,55386385
chr11,55402803,55453564
chr14,106197116,106526954
chr14,106574549,106821724
chr15,87830531,87870721
chr16,19945639,19967350
chr16,34481456,34757071
chr17,18365934,18465209
chr17,44162285,44364158
chr17,71831939,72681042
chr19,20598432,20701441
chr19,43703022,43756225
chr20,1561569,1593837
chr22,23011462,23255556
chrX,101661956,101704603
chrX,111837465,112014895
chr1,61724,235716
chr1,72771132,72811136
chr1,95237657,95282424
chr1,104163776,104225556
chr1,149242714,149254920
chr1,152555177,152586226
chr2,34699316,34737045
chr2,52758742,52781530
chr2,89133113,89545331
chr2,90129350,90195665
chr3,173240624,173289668
chr3,175888048,175914467
chr3,195383131,195456036
chr4,10214161,10231486
chr4,34786944,34824713
chr4,64697458,64708246
chr4,92494467,92530674
chr5,180378877,180418091
chr6,32456672,32509271
chr6,77439869,77452804
chr6,78969054,79039234
chr6,103737965,103762049
chr7,143218397,143408418
chr7,143444205,143532986
chr8,12232270,12378275
chr9,44209784,45088880
chr10,11242472,11264641
chr11,5790952,5808314
chr11,58815116,58855034
chr12,11512481,11543374
chr13,57758259,57778368
chr14,86548028,86571498
chr14,106218574,106526954
chr14,106574549,106706125
chr15,20216944,20564575
chr15,20935077,22212114
chr15,87830531,87870721
chr17,18355381,18464574
chr17,44224534,44247164
chr17,44458483,44738320
chr19,43237765,43362640
chr20,1561569,1598094
chr22,23017542,23223233
chr22,24344411,24396802
chr22,25663974,25918709
chrX,76183575,76357623
chrX,88271816,88629721
chrX,88805597,89004588
chrX,90907047,91253862
chrX,91456703,91710179
chrX,92190867,92243399
chr1,12867079,13384371
chr1,17177034,17262235
chr1,25596394,25646974
chr1,72768905,72811136
chr1,110224373,110242941
chr1,169233963,169255390
chr2,34699316,34737045
chr2,89133113,89501226
chr2,242915455,243018067
chr3,195416642,195479748
chr4,10214161,10238949
chr4,64697458,64708246
chr4,65438830,65485107
chr4,176130787,176152096
chr5,717368,773556
chr5,8702523,8747142
chr5,12800878,12849201
chr6,257342,303121
chr6,29850275,29908469
chr6,67009024,67051190
chr6,77439869,77452804
chr6,78969054,79035173
chr6,103737965,103762049
chr7,4070576,4084716
chr7,76432311,76557212
chr7,133785184,133798546
chr7,154393160,154405465
chr8,7290908,7329201
chr8,7776981,7787856
chr9,11951872,12023071
chr9,44244869,44855725
chr10,46989081,47047587
chr10,47067401,47700465
chr10,81448996,81554007
chr11,49710850,49746756
chr12,9633859,9713662
chr13,57763136,57778368
chr14,106197116,106736912
chr14,106872051,106943822
chr15,20498672,20602406
chr15,30779580,30981033
chr15,32011478,32428067
chr15,34727611,34830932
chr15,100632502,100643699
chr16,32113671,32643362
chr16,33375873,33773053
chr16,78373753,78384989
chr17,18319851,18453425
chr17,39418361,39430519
chr17,44225754,44272000
chr20,1560940,1590522
chr20,12665513,12703357
chr22,21721592,21845282
chr22,22705998,22752868
chr22,23011462,23223233
chr1,12867079,13015495
chr1,16871267,17012773
chr1,17177034,17276229
chr1,25596394,25646974
chr1,72771132,72811136
chr1,104109227,104225556
chr1,110226367,110242941
chr1,144024527,144337917
chr1,196738612,196749205
chr2,34699316,34737045
chr2,89133113,89521934
chr2,90116108,90195665
chr2,242915455,243034674
chr3,195383131,195474751
chr4,10214161,10239285
chr4,64693929,64708246
chr4,93993209,94094507
chr4,176131624,176152096
chr5,717368,773556
chr5,8702523,8747142
chr5,12815769,12857327
chr6,260365,303121
chr6,29871637,29904865
chr6,67008263,67051190
chr6,77439869,77452804
chr6,78969054,79035173
chr6,103737965,103762049
chr7,76430851,76607295
chr7,109437081,109453846
chr7,143909224,144066935
chr9,11951872,12015741
chr9,44244869,44855725
chr10,46590220,47743504
chr10,81448996,81554007
chr12,9633859,9713662
chr13,57763136,57778368
chr14,106218574,106693466
chr14,106893262,106934536
chr14,107152259,107179847
chr15,20395518,20627480
chr15,30807931,30981033
chr15,32011478,32428067
chr15,34727611,34830932
chr16,32158596,32655511
chr16,33380755,33773053
chr16,78372429,78384989
chr17,18365934,18474634
chr17,44225754,44254494
chr20,1560988,1590245
chr22,23017542,23223233
chr1,61724,235716
chr1,12845852,12883084
chr1,17005723,17262235
chr1,72768487,72811136
chr1,149036513,149190306
chr1,152555516,152586528
chr1,161074602,161098470
chr1,161592852,161638501
chr1,187290152,187354887
chr2,52765381,52781530
chr2,65213105,65232307
chr2,89133113,89583895
chr2,90121340,90195665
chr2,146849926,146866922
chr3,46801806,46849577
chr3,151618336,151638317
chr3,162513138,162625983
chr3,175888048,175916209
chr4,10214161,10240663
chr4,69375337,69485967
chr4,186435846,186447570
chr5,180378877,180418091
chr6,78969054,79035173
chr6,103737965,103762049
chr7,87974,148300
chr7,109437081,109453898
chr7,133785184,133798834
chr7,143909224,144003655
chr8,12232270,12247474
chr8,13676078,13691222
chr8,39235592,39388767
chr8,107571659,107592130
chr9,44727848,44855725
chr9,141025329,141091382
chr10,47542083,47645283
chr11,18940082,18962351
chr12,9637898,9734958
chr13,57712801,57789702
chr14,20200172,20423360
chr14,106044359,106194763
chr14,106197116,106706125
chr15,20572605,20586092
chr15,76878363,76895763
chr16,77411913,77422596
chr17,34443801,34629684
chr17,44165804,44364158
chr17,44458483,44738320
chr20,1561569,1593837
chr20,11908876,11995353
chr22,23017542,23223233
chr22,24350518,24396802
chrX,88271816,88322403
chrX,88805597,89004588
chrX,89699003,89805843
chrX,91048775,91232842
chrX,91528208,91777009
chrX,92190867,92243399
chr12,2,133851895
chr17,2,81195210
chrX,2,155270560
chr12,2,133851895
chr17,2,81195210
chr17,2,81195210
chr12,2,133851895
chr12,2,35800000
chr17,2,81195210
chr17,2,16000000
chr17,16000001,22200000
chrX,2,155270560
chr20,2,63025520
chr17,24000001,38100000
chr6,164499999,171115067
chr17,2,81195210
chrX,2,155270560
chr9,2,141213431
chr9,47300001,68700000
chr12,2,133851895
chr14,2,107349540
chr17,2,81195210
chr9,2,141213431
chr9,43600001,65900000
chr9,43600001,65900000
chr17,2,38100000
chr12,2,133851895
chr17,2,81195210
chr7,2,159138663
chrX,2,155270560
chrX,2,155270560
chr9,2,141213431
chr12,2,133851895
chr17,2,81195210
chr7,2,159138663
chr12,2,133851895
chr17,24000000,81195210
chr22,1,14700000
chr17,38100000,81195210
chr10,119100000,135534747
chr12,2,133851895
chr17,2,81195210
chr3,2,198022430
chr12,1,35800000
chr17,2,81195210
chr1,2,28000000
chr11,63399999,135006516
chr17,16000001,22200000
chr20,2,63025520
chr12,1,133851895
chr12,1,133851895
chr20,1,63025520
chr12,1,133851895
chr14,1,107349540
chr14,1,107349540
chr14,1,107349540
chr14,1,107349540
chrX,1,60600000
chrX,1,60600000
chr17,1,81195210
chr12,1,133851895
chr1,1,249250621
chr17,1,81195210
chr7,1,159138663
chr8,1,146364022
chr12,1,133851895
chr14,1,107349540
chr17,1,81195210
chr11,1,135006516
chr1,142600001,207200000
chr1,142600001,207200000
chr12,1,133851895
chr6,88000001,171115067
chr17,1,81195210
chr17,1,81195210
chr17,1,81195210
chr17,24000001,81195210
chr6,171115067,171115067
chr17,1,81195210
chr12,1,35800000
chr12,35800000,133851895
chr17,24000001,81195210
chr6,171115067,171115067
chr12,1,133851895
chrY,1,59373566
chr10,1,38000000
chr12,1,133851895
chr17,1,81195210
chr12,1,133851895
chr1,125000001,249250621
chr19,1,20000000
chr1,1,249250621
chr11,1,135006516
chr10,1,29600000
chr9,1,141213431
chr9,1,26500000
chr17,1,81195210
chr9,65900001,114900000
chr9,1,49000000
chr9,49000000,141213431
chr17,1,81195210
chr11,48365970,48389619
chr4,112237627,112243476
chr15,25419254,25463303
chr4,157304376,157307975
chr14,101147061,101160660
chr2,189118878,189123227
chr21,42845182,42848531
chr1,109568142,109583091
chr10,133452740,133458239
chr12,125023750,125027399
chr6,168716068,168719567
chr19,12693346,12698345
chr2,241845150,241877549
chr11,48365970,48389619
chr1,198773092,198776291
chr7,4155504,4162753
chr11,20843870,20850719
chr13,95196300,95202249
chr2,108539991,109110990
chr8,79774385,79992484
chr14,101147061,101160660
chr12,12025536,12028735
chr15,27388751,27395200
chr9,106567370,106572169
chr2,189118878,189123227
chr10,18840824,18863173
chr7,155196619,155202018
chr1,229663292,230131691
chr1,81402027,81418876
chr2,241553000,241580099
chr10,31441474,31447273
chr7,4155504,4162753
chr9,131698620,131702619
chr11,20843870,20850719
chr13,95196300,95202249
chr8,79774385,79992484
chr15,27388751,27395200
chr9,90816221,90822420
chr2,189118878,189123227
chr10,18840824,18863173
chr7,155196619,155202018
chr20,61070405,61078854
chr1,229663292,230131691
chr2,241553000,241580099
chr3,1,198022430
chr4,1,191154276
chr8,1,146364022
chr11,1,135006516
chr15,1,102531392
chr16,1,90354753
chr20,1,63025520
chr10,1,29600000
chr19,1,24400000
chr11,1,135006516
chr4,173426251,173433200
chr10,31441474,31447273
chr6,29093738,29162387
chr5,150479569,150487968
chr5,150465419,150473568
chr20,26261000,26319569
chr2,189118878,189123227
chr10,18840824,18863173
chr16,46402010,46501409
chr10,96868440,96877689
chr21,42845182,42848531
chr1,711052,847801
chr1,109568142,109583091
chr19,27732251,28102205
chr12,125023750,125027399
chr7,61781595,62745394
chr11,54793270,54996119
chr9,83958421,83975720
chr1,224200842,224217791
chr7,155196619,155202018
chr4,146917676,146928575
chr12,37868436,38954035
chr12,37868436,38954035
chr10,42532324,42784473
chr10,38771324,38905123
chr9,69946321,70001820
chr10,39061474,39154470
chr10,42356346,42399273
chr16,88553560,88617659
chr2,106694141,106701290
chr2,173003877,173008176
chr12,11502236,11557735
chr7,61096338,61310087
chr19,24391106,24631782
chr20,33756539,33764938
chr2,241845150,241877549
chr4,173426251,173433200
chr2,2907366,2913265
chr6,29093738,29162387
chr1,230135992,230266341
chr1,229629192,229643641
chr5,150479569,150487968
chr5,150465419,150473568
chr1,230131892,230134841
chr2,189118878,189123227
chr10,18840824,18863173
chr10,96868440,96877689
chr6,62178591,62231107
chr1,109568142,109583091
chr7,155196619,155202018
chr22,23898973,23903522
chr3,131707363,131714562
chr19,24391106,24631782
chr6,108878024,108884073
chr2,241845150,241877549
chr1,248545592,248548941
chr4,137072276,137076525
chr8,6829080,6879829
chr20,26261000,26319569
chr16,46402010,46501409
chr20,29803910,31607188
chr21,42845182,42848531
chr6,62178591,62231107
chr1,711052,847801
chr6,153954424,153967023
chr19,27732251,28102205
chr12,125023750,125027399
chr7,61781595,62745394
chr7,61781595,62745394
chr11,54793270,54996119
chr9,83958421,83975720
chr1,224200842,224217791
chr7,155196619,155202018
chr4,146917676,146928575
chr12,37868436,38954035
chr12,37868436,38954035
chr4,60814481,60818680
chr10,42532324,42784473
chr3,90258263,90504854
chr10,38771324,38905123
chr7,65239645,65294444
chr9,69946321,70001820
chr20,61070405,61078854
chr10,39061474,39154470
chr10,42356346,42399273
chr6,57617758,57641957
chr10,42793174,42819823
chr16,88553560,88617659
chr22,18877423,19021072
chr2,173003877,173008176
chr14,105604219,105690618
chr3,104662013,104668512
chr10,56682024,56685173
chr7,61096338,61310087
chr10,51294274,51497623
chr19,24391106,24631782
chr14,19199314,19302713
chr19,28204306,28232705
chr7,108605444,108644243
chr12,59934936,59952435
chr21,14338131,14369280
chr22,42521329,42538628
chr11,51571020,51594205
chr22,16518973,16599772
chr2,42273519,42277918
chr15,73659094,73662143
chr2,241845150,241877549
chr4,173426251,173433200
chr11,48365970,48389619
chr2,224827979,224836328
chr4,137072276,137076525
chr20,26261000,26319569
chr20,29803910,31607188
chr20,29803910,31607188
chr20,29803910,31607188
chr6,62178591,62231107
chr1,109568142,109583091
chr6,153954424,153967023
chr19,27732251,28102205
chr10,133452740,133458239
chr7,155196619,155202018
chr18,46023991,46041340
chr8,112285664,112304313
chr8,7195930,7838129
chr6,57617758,57641957
chr16,208961,227010
chr22,18877423,19021072
chr7,108605444,108644243
chr9,99953920,99974969
chr12,6637142,6650091
chr4,6896575,6900674
chr3,145641213,145663212
chr12,3569842,3572991
chr11,48365970,48389619
chr14,102177211,102181010
chr4,189938782,190007581
chr10,96868440,96877689
chr20,29803910,31607188
chr1,109568142,109583091
chr7,57930138,58054331
chr15,71706393,71714492
chr3,131707363,131714562
chr8,112285664,112304313
chr12,11502236,11557735
chr9,71894371,71898670
chr11,48365970,48389619
chr8,142559608,142567407
chr4,189938782,190007581
chr5,560962,566811
chr20,26261000,26319569
chr10,18840824,18863173
chr16,46402010,46501409
chr10,96868440,96877689
chr20,29803910,31607188
chr20,29803910,31607188
chr20,29803910,31607188
chr6,62178591,62231107
chr1,711052,847801
chr1,109568142,109583091
chr19,27732251,28102205
chr7,61781595,62745394
chr11,54793270,54996119
chr4,146917676,146928575
chr12,37868436,38954035
chr15,71706393,71714492
chr2,166009077,166017226
chr3,131707363,131714562
chr2,42493319,42519068
chr15,44800001,102531392
chrY,28800000,59373566
chr12,1,133851895
chr2,241845150,241877549
chr4,173426251,173433200
chr11,48365970,48389619
chr7,4155504,4162753
chr4,112237627,112243476
chr5,23896105,23920554
chr2,33763669,33768018
chr3,162129009,162156108
chr2,129783753,129788052
chr6,35624189,35630638
chr7,142826958,142885157
chr3,192304109,192313708
chr6,108609824,108615673
chr2,76994015,77125664
chr4,36914931,36937780
chr8,8582130,8589829
chr4,58813869,58819368
chr2,189118878,189123227
chr10,18840824,18863173
chr2,628423,634222
chr21,42845182,42848531
chr12,125023750,125027399
chr19,30001806,30006505
chr12,74102186,74106485
chr17,77674021,77684270
chr13,57746600,57825149
chr3,136020013,136028762
chr16,208961,227010
chr5,117876763,117881962
chr8,131060408,131063457
chr9,134617370,134623069
chr21,34692882,34697481
chr2,33763669,33768018
chr1,169001641,169013940
chr16,27340060,27352009
chr9,23909891,23917090
chr14,47707414,47717313
chr5,180675156,180694105
chr20,40336736,40341135
chr10,18840824,18863173
chr21,42845182,42848531
chr7,155196619,155202018
chr19,30001806,30006505
chr17,77674021,77684270
chr10,126194340,126197339
chr13,57746600,57825149
chr3,136020013,136028762
chr10,39061474,39154470
chr10,42793174,42819823
chr5,117876763,117881962
chr8,1835483,1839482
chr1,228254442,228260891
chr6,126180974,126187823
chr13,114919849,114931198
chr2,71993915,71999964
chr3,196057806,196067555
chr2,6399572,6403271
chr6,165923977,166217326
chr3,137770163,137845612
chr2,241845150,241877549
chr4,173426251,173433200
chr2,33763669,33768018
chr2,196170578,196175027
chr1,169001641,169013940
chr16,27340060,27352009
chr9,23909891,23917090
chr14,47707414,47717313
chr5,180675156,180694105
chr20,40336736,40341135
chr10,18840824,18863173
chr21,42845182,42848531
chr1,109568142,109583091
chr10,133452740,133458239
chr19,30001806,30006505
chr12,74102186,74106485
chr9,132204270,132218019
chr3,136020013,136028762
chr8,7195930,7838129
chr12,8363886,8395335
chr6,165923977,166217326
chr3,137770163,137845612
chr5,70438206,70463605
chr6,132021724,132034573
chr2,241845150,241877549
chr1,198773092,198776291
chr4,112237627,112243476
chr11,20843870,20850719
chr18,69140459,69488608
chr11,89484498,89567347
chr4,82697652,82890201
chr6,29093738,29162387
chr6,132707174,132713273
chr8,6062582,6097881
chr6,28770088,28779687
chr4,54541319,54544518
chr4,49090819,49660117
chr13,19334851,19338200
chr2,189118878,189123227
chr10,18840824,18863173
chr21,42845182,42848531
chr1,109568142,109583091
chr10,133452740,133458239
chr12,125023750,125027399
chr7,155196619,155202018
chr19,30001806,30006505
chr9,132204270,132218019
chr2,166009077,166017226
chr6,104916574,104937823
chr2,180155078,180241727
chr1,209323042,209381441
chr3,196057806,196067555
chr1,16366378,16389977
chr19,33986106,34359755
chr20,60786105,60789954
chr4,173426251,173433200
chr4,112237627,112243476
chr11,20843870,20850719
chr6,35624189,35630638
chr18,69140459,69488608
chr11,89484498,89567347
chr4,82697652,82890201
chr15,39371255,39377454
chr6,29093738,29162387
chr6,132707174,132713273
chr8,6062582,6097881
chr6,28770088,28779687
chr4,54541319,54544518
chr2,189118878,189123227
chr10,18840824,18863173
chr21,42845182,42848531
chr1,711052,847801
chr10,133452740,133458239
chr12,125023750,125027399
chr7,155196619,155202018
chr19,30001806,30006505
chr9,132204270,132218019
chr4,130065676,130069225
chr10,42793174,42819823
chr8,1835483,1839482
chr6,104916574,104937823
chr2,180155078,180241727
chr1,209323042,209381441
chr12,59934936,59952435
chr1,16366378,16389977
chr22,20655723,20688422
chr19,33986106,34359755
chr4,173426251,173433200
chr1,198773092,198776291
chr3,192388309,192392958
chr4,112237627,112243476
chr11,89484498,89567347
chr4,82697652,82890201
chr13,43299301,43303250
chr8,40468783,40475982
chr4,54541319,54544518
chr2,189118878,189123227
chr10,18840824,18863173
chr21,42845182,42848531
chr10,133452740,133458239
chr12,125023750,125027399
chr19,30001806,30006505
chr12,74102186,74106485
chr1,229663292,230131691
chr7,73825694,73875843
chr6,104916574,104937823
chr2,180155078,180241727
chr1,209323042,209381441
chr9,136755270,136758219
chr1,152477841,152538940
chr6,134689774,134747873
chr1,152606341,152628540
chr19,33986106,34359755
chr1,152451241,152455590
chr1,198773092,198776291
chr10,31441474,31447273
chr3,192388309,192392958
chr4,112237627,112243476
chr8,142559608,142567407
chr11,89484498,89567347
chr4,82697652,82890201
chr13,43299301,43303250
chr13,114504644,114508493
chr4,54541319,54544518
chr2,189118878,189123227
chr10,18840824,18863173
chr1,109568142,109583091
chr1,229663292,230131691
chr7,73825694,73875843
chr6,104916574,104937823
chr2,180155078,180241727
chr1,209323042,209381441
chr1,152477841,152538940
chr6,134689774,134747873
chr1,152606341,152628540
chr19,33986106,34359755
chr2,241845150,241877549
chr11,48365970,48389619
chr7,4155504,4162753
chr4,112237627,112243476
chr5,23896105,23920554
chr2,33763669,33768018
chr3,162129009,162156108
chr2,129783753,129788052
chr6,35624189,35630638
chr7,142826958,142885157
chr3,192304109,192313708
chr6,108609824,108615673
chr2,76994015,77125664
chr4,36914931,36937780
chr8,8582130,8589829
chr4,58813869,58819368
chr2,189118878,189123227
chr4,93538553,93580502
chr17,77674021,77684270
chr13,57746600,57825149
chr3,136020013,136028762
chr16,208961,227010
chr12,8363886,8395335
chr12,16418436,16421935
chr9,134617370,134623069
chr4,162445276,162457625
chr20,60786105,60789954
chr13,1,115169878
chr13,1,115169878
chr2,242862750,243101834
chr3,192388309,192392958
chr4,112237627,112243476
chr2,33763669,33768018
chr3,162129009,162156108
chr4,92270703,92286102
chr11,89484498,89567347
chr2,213357278,213371777
chr1,169001641,169013940
chr5,99234013,99257712
chr15,45231905,45237304
chr2,189118878,189123227
chr10,18840824,18863173
chr10,133452740,133458239
chr7,155196619,155202018
chr19,30001806,30006505
chr17,77674021,77684270
chr10,126194340,126197339
chr2,166009077,166017226
chr12,8363886,8395335
chr8,1835483,1839482
chr19,28771956,28777455
chr1,232891742,232898591
chr1,153214891,153217990
chr9,126108070,126111219
chr9,141021320,141067469
chr4,161951276,162004575
chr2,5844572,5847671
chr2,241845150,241877549
chr4,173426251,173433200
chr11,48365970,48389619
chr2,242862750,243101834
chr2,242862750,243101834
chr3,192388309,192392958
chr10,107995090,108006689
chr14,102177211,102181010
chr6,108609824,108615673
chr9,138475870,138483669
chr9,184641,225440
chr20,26261000,26319569
chr2,189118878,189123227
chr16,46402010,46501409
chr10,96868440,96877689
chr20,29803910,31607188
chr2,628423,634222
chr6,62178591,62231107
chr1,711052,847801
chr6,153954424,153967023
chr19,27732251,28102205
chr7,61781595,62745394
chr11,54793270,54996119
chr1,224200842,224217791
chr4,93538553,93580502
chr8,145535532,145563181
chr7,57930138,58054331
chr12,37868436,38954035
chr22,23898973,23903522
chr13,57746600,57825149
chr19,1456896,1472995
chr7,65239645,65294444
chr4,2043828,2070927
chr20,62446706,62469705
chr16,33995710,34197659
chr22,42431127,42448326
chr13,113785150,113793749
chr10,42793174,42819823
chr11,24274370,24291769
chr7,73825694,73875843
chr8,9478130,9501829
chr3,11979003,11986152
chr3,51037413,51072712
chr20,60638405,60651504
chr7,156771569,156777768
chr12,84578422,84597621
chr19,84446,129345
chr10,91496250,91504649
chr17,510166,518415
chr17,25531189,25539238
chr21,11184831,11188129
chr17,37432640,37459489
chr9,139007870,139021569
chr17,42726340,42763689
chr2,42493319,42519068
chr19,35849956,35864255
chr19,23803056,23815355
chr1,63064127,63072476
chr8,144808552,144857001
chr5,12806262,12853411
chr19,534846,543445
chr4,111611977,111618276
chr4,173426251,173433200
chr10,107995090,108006689
chr9,131698620,131702619
chr5,178566056,178647155
chr3,175887009,175943658
chr20,26261000,26319569
chr10,18840824,18863173
chr16,46402010,46501409
chr10,96868440,96877689
chr20,29803910,31607188
chr20,29803910,31607188
chr20,29803910,31607188
chr2,628423,634222
chr21,42845182,42848531
chr6,62178591,62231107
chr1,711052,847801
chr1,109568142,109583091
chr19,27732251,28102205
chr10,133452740,133458239
chr11,54793270,54996119
chr8,145535532,145563181
chr18,46023991,46041340
chr22,23898973,23903522
chr3,90258263,90504854
chr5,6711562,6715661
chr16,1268760,1377859
chr13,57746600,57825149
chr19,1456896,1472995
chr10,38771324,38905123
chr4,2043828,2070927
chr20,62446706,62469705
chr4,6783075,6789974
chr22,42431127,42448326
chr13,89419200,89440499
chr13,113785150,113793749
chr4,9966328,9972477
chr22,18877423,19021072
chr22,18877423,19021072
chr9,138794770,138801019
chr14,105604219,105690618
chr7,54594336,54601085
chr16,3928960,3945359
chr4,88927402,88931801
chr10,13569124,13572323
chr10,81383074,81427173
chr2,241845150,241877549
chr10,107995090,108006689
chr5,178566056,178647155
chr9,45688195,45717944
chr3,175887009,175943658
chr20,26261000,26319569
chr10,18840824,18863173
chr10,96868440,96877689
chr20,29803910,31607188
chr20,29803910,31607188
chr20,29803910,31607188
chr20,29803910,31607188
chr20,29803910,31607188
chr2,628423,634222
chr1,109568142,109583091
chr4,93538553,93580502
chr8,145535532,145563181
chr16,1268760,1377859
chr19,1456896,1472995
chr4,2043828,2070927
chr1,229663292,230131691
chr22,42431127,42448326
chr13,89419200,89440499
chr4,9966328,9972477
chr22,18877423,19021072
chr22,18877423,19021072
chr8,9478130,9501829
chr16,48417510,48420659
chr9,36361041,36368290
chr2,242862750,243101834
chr10,85342300,85353849
chr2,71993915,71999964
chr11,124869186,124912135
chr18,73100001,78077248
chr17,24000000,81195210
chr12,1,35800000
chr18,73100001,78077248
chr17,24000000,81195210
chr12,1,35800000
chr4,173426251,173433200
chr4,112237627,112243476
chr4,111611977,111618276
chr11,89484498,89567347
chr4,3588728,3601177
chr11,99487836,99492735
chr19,51259734,51264483
chr8,120108459,120112608
chr2,189118878,189123227
chr21,42845182,42848531
chr12,125023750,125027399
chr7,155196619,155202018
chr19,30001806,30006505
chr9,132204270,132218019
chr9,44384995,44652944
chr5,57776005,57779054
chr11,48365970,48389619
chr1,198773092,198776291
chr3,192388309,192392958
chr5,23896105,23920554
chr10,107995090,108006689
chr6,35624189,35630638
chr15,25419254,25463303
chr7,142826958,142885157
chr17,78693721,78720670
chr4,157304376,157307975
chr2,73874715,73915014
chr11,25749670,25754519
chr7,48582834,48592633
chr21,42845182,42848531
chr10,133452740,133458239
chr12,125023750,125027399
chr7,155196619,155202018
chr17,77674021,77684270
chr2,166009077,166017226
chr3,136020013,136028762
chr6,168716068,168719567
chr8,131060408,131063457
chr10,51294274,51497623
chr6,126180974,126187823
chr13,114919849,114931198
chr3,21256349,21346598
chr2,242862750,243101834
chr17,19916,52415
chr3,192388309,192392958
chr9,137209870,137231369
chr21,36260132,36263731
chr5,23896105,23920554
chr5,1419812,1449111
chr14,105604219,105690618
chr19,1456896,1472995
chr11,1072396,1086845
chr10,107995090,108006689
chr4,101958153,101966252
chr7,992204,1004003
chr8,144808552,144857001
chr2,241384800,241410449
chr4,111611977,111618276
chr4,133179026,133197575
chr8,144678747,144686246
chr4,46034669,46056468
chr4,32286478,32306427
chr15,25419254,25463303
chr4,2043828,2070927
chr9,136855670,136859519
chr7,56759236,56770235
chr21,24824831,24891230
chr7,142826958,142885157
chr21,24767781,24791380
chr20,62325106,62375405
chr17,78693721,78720670
chr4,157304376,157307975
chr21,15588981,15604980
chr3,13321953,13326902
chr4,9966328,9972477
chr22,21686373,21786872
chr19,1527946,1578195
chr2,73874715,73915014
chr16,55599310,55619659
chr21,20936381,20945080
chr10,8688024,8692473
chr11,25749670,25754519
chr13,114504644,114508493
chr7,48582834,48592633
chr20,50651443,50655392
chr12,16418436,16421935
chr21,42845182,42848531
chr7,155196619,155202018
chr7,65239645,65294444
chr6,168716068,168719567
chr8,131060408,131063457
chr10,51294274,51497623
chr13,114919849,114931198
chr3,21256349,21346598
chr1,44333278,44338827
chr17,19916,52415
chr9,137209870,137231369
chr7,4155504,4162753
chr14,101922811,101948110
chr4,112237627,112243476
chr21,36260132,36263731
chr14,105604219,105690618
chr19,1456896,1472995
chr11,1072396,1086845
chr18,76738501,76741900
chr4,101958153,101966252
chr7,992204,1004003
chr14,105313119,105363218
chr8,144808552,144857001
chr22,18877423,19021072
chr22,19746123,19752822
chr4,111611977,111618276
chr16,1013960,1038009
chr8,70319636,70325935
chr8,144678747,144686246
chr16,48417510,48420659
chr13,63954600,64042299
chr12,40743786,40764585
chr6,32357739,32361488
chr15,73659094,73662143
chr15,25419254,25463303
chr4,2043828,2070927
chr9,136855670,136859519
chr2,241757650,241760849
chr8,145535532,145563181
chr16,1812010,1919109
chr2,102967691,102973790
chr20,62325106,62375405
chr19,42058856,42063255
chr17,78693721,78720670
chr5,6711562,6715661
chr16,47176260,47195009
chr20,59822005,59829354
chr16,82159410,82186109
chr12,40710086,40726735
chr4,9966328,9972477
chr11,99777236,99788885
chr2,103071941,103077840
chr6,137768324,137771523
chr3,175887009,175943658
chr12,40638586,40647935
chr12,40605036,40608885
chr2,189118878,189123227
chr7,155196619,155202018
chr17,77674021,77684270
chr19,28771956,28777455
chr4,173426251,173433200
chr1,198773092,198776291
chr10,31441474,31447273
chr8,43569233,43694232
chr9,131698620,131702619
chr4,133179026,133197575
chr6,103736524,103763023
chr6,32835739,32846188
chr6,32687789,32692938
chr2,224827979,224836328
chr2,108539991,109110990
chr4,189658782,189793981
chr2,57449269,57550618
chr4,158517876,158595125
chr7,119366044,119389093
chr1,207541092,207546491
chr22,23477623,23480622
chr2,115626703,115640352
chr12,40556136,40567885
chr19,15043596,15050145
chr2,220052729,220056828
chr6,32676089,32680138
chr12,59311136,59391535
chr17,38026040,38058189
chr1,152606341,152628540
chr1,152674541,152683890
chr6,32658039,32664488
chr6,32441089,32445088
chr16,46402010,46501409
chr10,42532324,42784473
chr10,38771324,38905123
chr7,65239645,65294444
chr9,69946321,70001820
chr9,44384995,44652944
chr16,33995710,34197659
chr8,7195930,7838129
chr10,39061474,39154470
chr12,8363886,8395335
chr4,49090819,49660117
chr16,33835560,33919259
chr1,142535806,143544341
chr2,92256046,92293845
chr7,61096338,61310087
chr10,51294274,51497623
chr9,70320371,70573420
chr22,21521523,21596522
chr2,97845896,97911654
chr9,46881495,47213220
chr2,132896553,132946752
chr3,6319153,6337752
chr21,11184831,11188129
chr1,121360192,121485413
chr9,65968362,66481470
chr1,135302,587151
chr1,148176040,148654190
chr3,75418763,75637412
chr1,145152558,145368157
chr9,45727295,45788144
chr15,28834056,28893155
chr20,29521539,29561588
chr9,66937771,66948620
chr4,190935732,190940631
chr4,132643476,132688175
chr22,20655723,20688422
chr9,39385041,39484890
chr9,42152941,42338644
chr21,14657831,14758030
chr1,144007819,144069207
chr1,120674992,120759641
chr9,70649171,70732620
chr3,197824856,197877955
chr9,66499821,66550520
chr15,22651333,22677582
chr3,75701113,75716112
chr1,143912173,143926974
chr9,45222695,45235994
chr15,22677433,22690082
chr22,20707723,20717722
chr15,28740056,28749355
chr7,76701794,76708693
chr1,198773092,198776291
chr7,4155504,4162753
chr5,23896105,23920554
chr4,149098926,149102425
chr4,188040882,188044331
chr17,21368673,21529022
chr7,5881054,5887053
chr7,61096338,61310087
chr7,57930138,58054331
chr9,135946170,135958419
chr4,93538553,93580502
chr7,73825694,73875843
chr4,173426251,173433200
chr11,48365970,48389619
chr7,4155504,4162753
chr4,112237627,112243476
chr3,162129009,162156108
chr1,169001641,169013940
chr9,45688195,45717944
chr7,8827005,8866954
chr19,23234506,23462405
chr20,26261000,26319569
chr10,18840824,18863173
chr16,46402010,46501409
chr10,96868440,96877689
chr2,628423,634222
chr21,42845182,42848531
chr1,711052,847801
chr1,109568142,109583091
chr6,153954424,153967023
chr19,27732251,28102205
chr11,54793270,54996119
chr1,224200842,224217791
chr7,57930138,58054331
chr12,37868436,38954035
chr4,60814481,60818680
chr13,57746600,57825149
chr2,166009077,166017226
chr7,65239645,65294444
chr8,7195930,7838129
chr16,208961,227010
chr10,42793174,42819823
chr4,171063551,171074050
chr11,24274370,24291769
chr6,168716068,168719567
chr4,1500949,1528673
chr17,38100001,81195210
chr9,1,141213431
chrY,1,59373566
chrX,1,155270560
chr3,1,198022430
chr2,1,243199373
chr4,1,191154276
chr11,1,135006516
chr12,1,133851895
chr13,1,115169878
chr16,1,90354753
chr18,1,78077248
chr19,1,59128983
chr11,48365970,48389619
chr8,43569233,43694232
chr3,162129009,162156108
chr4,189938782,190007581
chr4,189658782,189793981
chr4,190866032,190926331
chr4,190702082,190749131
chr4,190799332,190830831
chr20,29803910,31607188
chr10,133452740,133458239
chr8,112285664,112304313
chr8,7195930,7838129
chr3,6319153,6337752
chr11,48365970,48389619
chr1,198773092,198776291
chr5,23896105,23920554
chr2,196170578,196175027
chr11,20843870,20850719
chr19,51508734,51511983
chr18,69140459,69488608
chr22,50463846,50468445
chr6,168755518,168760617
chr19,51259734,51264483
chr15,71880693,71884892
chr21,42845182,42848531
chr10,133452740,133458239
chr12,125023750,125027399
chr13,114919849,114931198
chr10,132838590,132843039
chr1,16366378,16389977
chr4,190866032,190926331
chr4,190935732,190940631
chr6,31357988,31454787
chr6,31357988,31454787
chr6,31357988,31454787
chr4,190799332,190830831
chr4,112237627,112243476
chr18,76738501,76741900
chr10,107995090,108006689
chr11,1241720,1266919
chr4,133179026,133197575
chr16,1013960,1038009
chr14,44715114,44724213
chr13,63954600,64042299
chr4,60324031,60348330
chr4,32286478,32306427
chr18,69140459,69488608
chr18,69140459,69488608
chr15,61686055,61699454
chr14,43488764,44025313
chr21,24824831,24891230
chr21,24767781,24791380
chr11,31648520,31665319
chr7,9127105,9231654
chr6,103156124,103268473
chr13,72099000,72176399
chr1,189601942,189634091
chr21,15588981,15604980
chr4,65093181,65098880
chr5,26383055,26395554
chr6,32687789,32692938
chr22,21686373,21786872
chr4,34322181,34426080
chr21,25670081,25771580
chr2,57449269,57550618
chr1,189001792,189101691
chr18,68958609,69037908
chr18,1698489,1771738
chr9,105838570,105911169
chr4,70870287,70939736
chr4,171721451,171789150
chr4,35311931,35377080
chr4,34989381,35045330
chr18,65774959,65830408
chr1,105587542,105638891
chr1,98148377,98199526
chr6,81830448,81879747
chr3,163213109,163261358
chr21,31870131,31912680
chr1,105940992,105982791
chr18,68733459,68773508
chr9,23050441,23088890
chr1,106096592,106129091
chr21,21412831,21445280
chr1,106042992,106073391
chr21,22838431,22868080
chr6,65856296,65883745
chr11,61023020,61048969
chr4,61510881,61534430
chr9,139636120,139659319
chr6,67193146,67215145
chr4,32468428,32484477
chr21,22886281,22901280
chr18,65911109,65925008
chr19,1006996,1019295
chr6,65813646,65824845
chr4,70709137,70717586
chr5,28275805,28282204
chr7,9232955,9238704
chr1,105253042,105257291
chr11,41816420,41820519
chr11,38299670,38306119
chr18,69579409,69885308
chr17,21557273,21684891
chr4,162405076,162438525
chr6,52622808,52653607
chr9,106567370,106572169
chr5,23279955,23628654
chr8,51758387,51881536
chr9,106005120,106102669
chr5,27569605,27660104
chr4,70943837,71014686
chr5,27377355,27427554
chr9,105424020,105473019
chr5,28732755,28768954
chr12,17969886,18003485
chr22,20324423,20330322
chr10,18840824,18863173
chr19,30001806,30006505
chr3,136020013,136028762
chr1,232891742,232898591
chr20,59568755,59590254
chr7,157765819,157780818
chr12,33385936,33395935
chr10,114112590,114117539
chr4,112237627,112243476
chr5,23896105,23920554
chr10,107995090,108006689
chr4,133179026,133197575
chr14,44715114,44724213
chr18,57591359,60942958
chr15,61686055,61699454
chr7,9127105,9231654
chr18,47699391,49196640
chr18,50465941,51134140
chr18,47036441,47690240
chr18,54740691,54940390
chr13,94290550,94463099
chr11,61023020,61048969
chr11,38299670,38306119
chr18,49200041,50461540
chr6,52622808,52653607
chr2,189118878,189123227
chr10,18840824,18863173
chr20,29803910,31607188
chr20,29803910,31607188
chr20,29803910,31607188
chr20,29803910,31607188
chr20,29803910,31607188
chr20,29803910,31607188
chr19,30001806,30006505
chr20,61070405,61078854
chr3,136020013,136028762
chr12,8363886,8395335
chr8,1835483,1839482
chr1,228254442,228260891
chr1,232891742,232898591
chr20,59568755,59590254
chr7,157765819,157780818
chr12,6637142,6650091
chr12,8894336,8899735
chr12,8849236,8852235
chr13,19500001,101700000
chr1,198773092,198776291
chr15,22832006,23227205
chr1,175156842,175164041
chr12,12025536,12028735
chr13,20987851,21016200
chr10,133452740,133458239
chr8,112285664,112304313
chr12,8363886,8395335
chr2,13686222,14335171
chr10,6676774,6798923
chr2,13585022,13677821
chr6,31138488,31142587
chr2,233253779,233301778
chr4,173426251,173433200
chr15,22832006,23227205
chr1,175156842,175164041
chr1,230135992,230266341
chr1,229629192,229643641
chr1,228966442,228970841
chr13,20987851,21016200
chr9,138475870,138483669
chr20,26261000,26319569
chr2,189118878,189123227
chr10,18840824,18863173
chr20,29803910,31607188
chr20,29803910,31607188
chr20,29803910,31607188
chr20,29803910,31607188
chr20,29803910,31607188
chr2,628423,634222
chr1,711052,847801
chr19,27732251,28102205
chr7,65239645,65294444
chr3,131707363,131714562
chr8,112285664,112304313
chr12,8363886,8395335
chr7,54594336,54601085
chr1,201725542,203350641
chr20,31856339,32115188
chr20,31784039,31851638
chr1,66125177,66129876
chr2,13686222,14335171
chr10,6676774,6798923
chr20,32237939,32330788
chr2,13585022,13677821
chr1,203392492,203412841
chr2,76835365,76848464
chr6,31138488,31142587
chr2,233253779,233301778
chr3,10237153,10246652
chr1,200591292,200598641
chr3,9362303,9368602
chr4,173426251,173433200
chr16,18586660,18691409
chr5,119527913,119628062
chr3,4242603,4276802
chr2,189118878,189123227
chr10,18840824,18863173
chr10,96868440,96877689
chr20,29803910,31607188
chr20,29803910,31607188
chr20,29803910,31607188
chr20,29803910,31607188
chr6,153954424,153967023
chr9,83958421,83975720
chr4,93538553,93580502
chr3,131707363,131714562
chr8,112285664,112304313
chr22,18877423,19021072
chr22,18877423,19021072
chr5,92300001,180915260
chr18,43500000,78077248
chr15,1,102531392
chr17,1,81195210
chr2,241845150,241877549
chr4,173426251,173433200
chr11,48365970,48389619
chr10,31441474,31447273
chr3,192388309,192392958
chr7,4155504,4162753
chr4,112237627,112243476
chr5,23896105,23920554
chr2,196170578,196175027
chr2,129783753,129788052
chr14,44715114,44724213
chr19,42058856,42063255
chr8,5993432,6042681
chr1,220938842,220956991
chr2,189118878,189123227
chr1,109568142,109583091
chr7,155196619,155202018
chr8,7195930,7838129
chr5,117876763,117881962
chr17,62901304,62923703
chr2,97845896,97911654
chr11,73467148,73672797
chr10,31441474,31447273
chr3,192388309,192392958
chr7,4155504,4162753
chr4,112237627,112243476
chr5,23896105,23920554
chr2,196170578,196175027
chr2,129783753,129788052
chr14,44715114,44724213
chr7,56759236,56770235
chr19,42058856,42063255
chr8,5993432,6042681
chr1,220938842,220956991
chr2,130889403,130958152
chr2,205516528,205520027
chr2,189118878,189123227
chr20,29803910,31607188
chr20,29803910,31607188
chr1,109568142,109583091
chr7,155196619,155202018
chr17,77674021,77684270
chr11,73467148,73672797
chr2,241845150,241877549
chr4,173426251,173433200
chr1,198773092,198776291
chr2,242862750,243101834
chr2,242862750,243101834
chr17,19916,52415
chr4,112237627,112243476
chr5,23896105,23920554
chr8,43569233,43694232
chr2,33763669,33768018
chr6,95452196,95534895
chr2,30622069,30628618
chr9,23909891,23917090
chr11,99487836,99492735
chr2,189118878,189123227
chr1,711052,847801
chr7,155196619,155202018
chr4,93538553,93580502
chr9,44384995,44652944
chr20,61070405,61078854
chr9,40475836,40661290
chr12,8363886,8395335
chr3,166052959,166355408
chr6,168716068,168719567
chr8,131060408,131063457
chr3,165775109,165821608
chr3,45244749,45289498
chr2,112073852,112139851
chr2,241845150,241877549
chr4,173426251,173433200
chr1,198773092,198776291
chr2,242862750,243101834
chr2,242862750,243101834
chr17,19916,52415
chr4,112237627,112243476
chr5,23896105,23920554
chr8,43569233,43694232
chr2,33763669,33768018
chr6,95452196,95534895
chr2,30622069,30628618
chr9,23909891,23917090
chr2,189118878,189123227
chr20,29803910,31607188
chr20,29803910,31607188
chr12,125023750,125027399
chr7,155196619,155202018
chr17,77674021,77684270
chr9,44384995,44652944
chr5,117876763,117881962
chr9,40475836,40661290
chr12,8363886,8395335
chr3,166052959,166355408
chr6,168716068,168719567
chr3,165775109,165821608
chr3,45244749,45289498
chr2,112484252,112520151
chr2,112073852,112139851
chr10,31441474,31447273
chr9,137209870,137231369
chr8,43569233,43694232
chr19,1456896,1472995
chr10,107995090,108006689
chr1,234314942,234325491
chr6,62924758,62930307
chr13,95196300,95202249
chr8,46838889,46988174
chr1,189601942,189634091
chr22,30335423,30364072
chr6,32835739,32846188
chr6,32427739,32433538
chr3,192304109,192313708
chr6,32687789,32692938
chr6,132707174,132713273
chr9,23050441,23088890
chr5,150256619,150285768
chr13,39933101,39937900
chr5,168909534,168913833
chr22,23477623,23480622
chr11,91369848,91376497
chr12,34759436,34856694
chr12,104218823,104273172
chr12,55731086,55768985
chr12,99995722,100018771
chr7,61781595,62745394
chr7,61781595,62745394
chr10,42532324,42784473
chr9,44384995,44652944
chr8,7195930,7838129
chr9,40475836,40661290
chr4,49090819,49660117
chr1,142535806,143544341
chr10,51294274,51497623
chr9,46881495,47213220
chr1,121360192,121485413
chr9,65968362,66481470
chr1,135302,587151
chr1,148176040,148654190
chr3,75418763,75637412
chr1,145152558,145368157
chr9,45727295,45788144
chr5,7412812,7469511
chr14,63565961,63760160
chr9,44767695,44853444